author_name,author_profile_link,title,url
Victoria Song,https://www.theverge.com/authors/victoria-song,The best fitness trackers to buy right now,https://www.theverge.com/22985108/best-fitness-tracker
David Pierce,https://www.theverge.com/authors/david-pierce,The best iPad to buy,https://www.theverge.com/23639378/best-ipad-apple-buy-model-price
Victoria Song,https://www.theverge.com/authors/victoria-song,The best sleep gadgets to help you catch those Zzzs,https://www.theverge.com/23291925/best-sleep-tech-trackers-earbuds-wearables
Sheena Vasani,https://www.theverge.com/authors/sheena-vasani,Here are the best AirPods deals you can get right now,https://www.theverge.com/21302051/best-apple-airpods-deals
Victoria Song,https://www.theverge.com/authors/victoria-song,The best smartwatches for Android,https://www.theverge.com/23449363/best-android-smartwatches-wear-os
Jennifer Pattison Tuohy,https://www.theverge.com/authors/jennifer-tuohy,The best robot vacuums,https://www.theverge.com/22997597/best-robot-vacuum-cleaner
Allison Johnson,https://www.theverge.com/authors/allison-johnson,The best phone to buy right now,https://www.theverge.com/22163811/best-phone
Sheena Vasani,https://www.theverge.com/authors/sheena-vasani,The best ebook reader to buy right now,https://www.theverge.com/23769068/best-ebook-readers
Quentyn Kennemer,https://www.theverge.com/authors/quentyn-kennemer,The DJI Pocket 3 is almost everything I wanted my iPhone camera to be,https://www.theverge.com/24152949/dji-osmo-pocket-3-opinion
Chris Welch,https://www.theverge.com/authors/chris-welch,The best wireless earbuds to buy right now,https://www.theverge.com/21309820/best-wireless-earbuds
Sheena Vasani,https://www.theverge.com/authors/sheena-vasani,The best instant cameras you can buy right now,https://www.theverge.com/23133103/best-instant-cameras-fujifilm-polaroid-kodak
Jennifer Pattison Tuohy,https://www.theverge.com/authors/jennifer-tuohy,Battle of the best robovacs (that iRobot doesn’t make),https://www.theverge.com/24141479/roborock-s8-maxv-ultra-vs-dreame-x30-ultra-robot-vacuum-mop
Chris Welch,https://www.theverge.com/authors/chris-welch,"Apple AirPods Pro (second-gen) review: same look, better everything else",https://www.theverge.com/23365910/apple-airpods-pro-second-generation-review
Chris Welch,https://www.theverge.com/authors/chris-welch,Bose QuietComfort Ultra Earbuds review: still great but a questionable ‘upgrade’,https://www.theverge.com/23883649/bose-quietcomfort-ultra-earbuds-review
Wes Davis,https://www.theverge.com/authors/wes-davis,In defense of the iPhone Action Button,https://www.theverge.com/24246068/apple-iphone-16-pro-action-button-ios-shortcuts-uses-examples
Jennifer Pattison Tuohy,https://www.theverge.com/authors/jennifer-tuohy,Roborock S7 MaxV Ultra review: this bot cleans its own bottom,https://www.theverge.com/22960447/roborock-s7-maxv-ultra-review-robot-vacuum-mop-hybrid
Dan Seifert,https://www.theverge.com/authors/dan-seifert,"OnePlus Watch review: big, basic, and boring",https://www.theverge.com/22380322/oneplus-watch-review-price-specs-features
Allison Johnson,https://www.theverge.com/authors/allison-johnson,Apple iPhone 16 and 16 Plus review: all caught up,https://www.theverge.com/24247479/apple-iphone-16-plus-review-camera-control-screen-battery
Victoria Song,https://www.theverge.com/authors/victoria-song,Apple Watch Series 8 review: if it ain’t broke,https://www.theverge.com/23353756/apple-watch-series-8-review-smartwatch-wearables
Becca Farsace,https://www.theverge.com/authors/becca-farsace,Fujifilm’s new Instax Square SQ1 brings the instant camera back to its basics,https://www.theverge.com/21431103/fujifilm-instax-square-sq1-instant-camera-review-price-specs-features
Victoria Song,https://www.theverge.com/authors/victoria-song,How to use wearable tech if you’ve got tattoos,https://www.theverge.com/23567992/wearable-tech-tattoos-fitness-tracking-how-to
Chris Welch,https://www.theverge.com/authors/chris-welch,Bose QuietComfort Earbuds II review: noise cancellation domination,https://www.theverge.com/23353777/bose-quietcomfort-earbuds-2-review
Jennifer Pattison Tuohy,https://www.theverge.com/authors/jennifer-tuohy,The best budget robot vacuums,https://www.theverge.com/23846479/best-budget-robot-vacuum-robot-mop
Victoria Song,https://www.theverge.com/authors/victoria-song,Oura Ring Generation 3 review: a relationship for the long term,https://www.theverge.com/22789248/oura-ring-3-review-sleep-tracker-fitness-tracker
Chris Welch,https://www.theverge.com/authors/chris-welch,Sony WF-1000XM5 noise-canceling earbuds review: better in every way — for now,https://www.theverge.com/23803374/sony-wf-1000xm5-earbuds-review
Jennifer Pattison Tuohy,https://www.theverge.com/authors/jennifer-tuohy,The best doorbell cameras,https://www.theverge.com/22954554/best-video-doorbell-camera
Quentyn Kennemer,https://www.theverge.com/authors/quentyn-kennemer,Here are the best robot vacuum deals right now,https://www.theverge.com/24350561/best-robot-vacuum-mop-irobot-roomba-eufy-roborock-deals-sale
